{
  "urls": [
    "assets/sounds/audioSprite2.ogg",
    "assets/sounds/audioSprite2.m4a",
    "assets/sounds/audioSprite2.mp3",
    "assets/sounds/audioSprite2.ac3"
  ],
  "sprite": {
    "blowtorch1": [
      0,
      1817.891156462585
    ],
    "chesskill1": [
      3000,
      3105.873015873016
    ],
    "chesskill2": [
      8000,
      1632.494331065759
    ],
    "chesskill3": [
      11000,
      1666.4852607709743
    ],
    "chesskill4": [
      14000,
      1527.3922902494323
    ],
    "chesskill5": [
      17000,
      1657.369614512472
    ],
    "chessloss": [
      20000,
      6017.959183673469
    ],
    "chesspickup1": [
      28000,
      317.9365079365084
    ],
    "chesspickup2": [
      30000,
      630.5215419501131
    ],
    "chesspickup3": [
      32000,
      448.888888888888
    ],
    "chesspickup4": [
      34000,
      704.965986394555
    ],
    "chesspickupalt1": [
      36000,
      811.11111111111
    ],
    "chesspickupalt2": [
      38000,
      666.2585034013589
    ],
    "chesspickupalt3": [
      40000,
      675.9410430839025
    ],
    "chessputdown1": [
      42000,
      718.5941043083872
    ],
    "chessputdown2": [
      44000,
      579.9999999999983
    ],
    "chessputdown3": [
      46000,
      700.8390022675712
    ],
    "chessputdown4": [
      48000,
      857.9365079365075
    ],
    "chessputdown5": [
      50000,
      737.0975056689347
    ],
    "chesswin": [
      52000,
      4000
    ],
    "compwarn1": [
      57000,
      1274.3990929705192
    ],
    "compwarn2": [
      60000,
      763.2879818594133
    ],
    "dieAlien1": [
      62000,
      2058.5487528344684
    ],
    "dieAlien2": [
      66000,
      2292.834467120187
    ],
    "diefemale1": [
      70000,
      11227.233560090695
    ],
    "diefemale2": [
      83000,
      5478.503401360541
    ],
    "diefemale3": [
      90000,
      4089.9773242630317
    ],
    "diefemale4": [
      96000,
      4149.319727891154
    ],
    "diemale1": [
      102000,
      1896.3718820861714
    ],
    "diemale2": [
      105000,
      4246.3492063492085
    ],
    "dieMale3": [
      111000,
      2010.8390022675735
    ],
    "femaledie1": [
      115000,
      11227.233560090695
    ],
    "fireExtingusher1": [
      128000,
      624.0136054421725
    ],
    "foot1": [
      130000,
      346.25850340137276
    ],
    "foot2": [
      132000,
      314.1269841269718
    ],
    "foot3": [
      134000,
      312.6984126984098
    ],
    "foot4": [
      136000,
      219.04761904761472
    ],
    "footMetal1": [
      138000,
      484.42176870747744
    ],
    "footMetal2": [
      140000,
      290.52154195011326
    ],
    "footMetal3": [
      142000,
      247.48299319728062
    ],
    "footMetal4": [
      144000,
      359.3197278911475
    ],
    "footMetal5": [
      146000,
      325.64625850341145
    ],
    "gunLoad1": [
      148000,
      588.7074829931862
    ],
    "hammer1": [
      150000,
      1396.190476190469
    ],
    "impact_rock": [
      153000,
      871.9727891156595
    ],
    "maledie1": [
      155000,
      1896.3718820861573
    ],
    "money1": [
      158000,
      649.8185941043175
    ],
    "pistolShoot1": [
      160000,
      2454.0589569161
    ],
    "punch1": [
      164000,
      436.57596371880913
    ],
    "punch2": [
      166000,
      369.9546485260896
    ],
    "repair1": [
      168000,
      303.94557823129276
    ],
    "repair2": [
      170000,
      404.94331065758615
    ],
    "repair3": [
      172000,
      1112.562358276648
    ],
    "teleport1": [
      175000,
      678.7074829931896
    ],
    "zombieAttack1": [
      177000,
      1314.9206349206395
    ],
    "zombieDie1": [
      180000,
      3281.4739229025063
    ],
    "Alarm_02_Single": [
      185000,
      1125.0113378684716
    ],
    "AlertAlarm_04_Single": [
      188000,
      900.7936507936449
    ],
    "AnalogButton": [
      190000,
      316.53061224488965
    ],
    "Analysis_Single_03": [
      192000,
      465.6235827664261
    ],
    "Button_01_Variation_01": [
      194000,
      195.07936507935142
    ],
    "Button_01_Variation_02": [
      196000,
      187.2789115646185
    ],
    "Button_01_Variation_03": [
      198000,
      135.78231292515852
    ],
    "Button_01": [
      200000,
      322.7210884353724
    ],
    "Button_02": [
      202000,
      454.21768707481647
    ],
    "Negative_01": [
      204000,
      500.63492063492276
    ],
    "Negative_02": [
      206000,
      500.4081632653197
    ],
    "Notification_08_Variation": [
      208000,
      938.548752834464
    ],
    "Notification_08": [
      210000,
      1091.269841269849
    ],
    "Impact_Explosion_Sound_01": [
      213000,
      5144.920634920623
    ],
    "Impact_Explosion_Sound_02": [
      220000,
      4075.4648526077235
    ],
    "Impact_Explosion_Sound_03": [
      226000,
      5678.91156462585
    ],
    "Impact_Explosion_Sound_04": [
      233000,
      6207.482993197289
    ],
    "Impact_Explosion_Sound_05": [
      241000,
      8895.941043083894
    ],
    "DistantBigExplosion4": [
      251000,
      11462.879818594103
    ],
    "FireBurningLoop1": [
      264000,
      7250
    ],
    "FireBurningLoop2": [
      273000,
      4954.920634920654
    ],
    "FireBurningLoop3": [
      279000,
      10000
    ],
    "FireExplosion7": [
      290000,
      3327.482993197293
    ],
    "FireExplosion8": [
      295000,
      3275.3741496598536
    ],
    "FireExplosion9": [
      300000,
      3192.1995464852557
    ],
    "Gun1": [
      305000,
      2000
    ],
    "Gun2": [
      308000,
      2000
    ],
    "Gun3": [
      311000,
      2000
    ],
    "MediumExplosion1": [
      314000,
      3121.26984126985
    ],
    "MediumExplosion2": [
      319000,
      3153.809523809514
    ],
    "MediumExplosion3": [
      324000,
      3143.9909297052395
    ],
    "MetalDebris1": [
      329000,
      2371.496598639453
    ],
    "MetalDebris2": [
      333000,
      2301.40589569163
    ],
    "MetalDebris3": [
      337000,
      2500.0226757369433
    ],
    "SciFiExplosion15": [
      341000,
      2088.6621315192997
    ],
    "SciFiExplosion16": [
      345000,
      1580.1814058957007
    ],
    "SciFiExplosion17": [
      348000,
      1616.1451247165814
    ],
    "SciFiExplosion21": [
      351000,
      1750
    ],
    "SciFiExplosion22": [
      354000,
      1750
    ],
    "SciFiExplosion23": [
      357000,
      1630.7029478458048
    ],
    "SciFiExplosion24": [
      360000,
      1686.1451247165746
    ],
    "SciFiExplosion25": [
      363000,
      2054.1723356009243
    ]
  }
}
